{
	"configs" : [
		{
			"remarks" : "",
			"id" : "62E7E12DBE6D94BB8AFBE8DA6E03C982",
			"server" : "138.128.199.207",
			"server_port" : 8388,
			"server_udp_port" : 0,
			"password" : "123456",
			"method" : "aes-128-ctr",
			"protocol" : "auth_aes128_md5",
			"protocolparam" : "",
			"obfs" : "http_simple",
			"obfsparam" : "",
			"remarks_base64" : "",
			"group" : "ssr",
			"enable" : true,
			"udp_over_tcp" : false
		},
		{
			"remarks" : "",
			"id" : "D573747B4EA507C890A68D3A8A4844A3",
			"server" : "127.0.0.1",
			"server_port" : 5612,
			"server_udp_port" : 0,
			"password" : "123456",
			"method" : "aes-128-ctr",
			"protocol" : "auth_aes128_md5",
			"protocolparam" : "",
			"obfs" : "http_simple",
			"obfsparam" : "",
			"remarks_base64" : "",
			"group" : "FreeSSR-public",
			"enable" : true,
			"udp_over_tcp" : false
		}
	],
	"index" : 1,
	"random" : false,
	"sysProxyMode" : 2,
	"shareOverLan" : true,
	"localPort" : 1080,
	"localAuthPassword" : "yN94sIDyPFZFWrMPa4Ap",
	"dnsServer" : "",
	"reconnectTimes" : 2,
	"randomAlgorithm" : 3,
	"randomInGroup" : false,
	"TTL" : 0,
	"connectTimeout" : 5,
	"proxyRuleMode" : 0,
	"proxyEnable" : false,
	"pacDirectGoProxy" : false,
	"proxyType" : 0,
	"proxyHost" : "",
	"proxyPort" : 0,
	"proxyAuthUser" : "",
	"proxyAuthPass" : "",
	"proxyUserAgent" : "",
	"authUser" : "",
	"authPass" : "",
	"autoBan" : false,
	"sameHostForSameTarget" : false,
	"keepVisitTime" : 180,
	"isHideTips" : false,
	"nodeFeedAutoUpdate" : true,
	"serverSubscribes" : [

	],
	"token" : {

	},
	"portMap" : {

	}
}